{"cameraMode":{"drawMode":0,"name":"Shaded","section":"Shading Mode"},"sceneLighting":false,"audioPlay":false,"sceneViewState":{"showFog":true,"showMaterialUpdate":false,"showSkybox":true,"showFlares":true,"showImageEffects":true,"showParticleSystems":true},"in2DMode":false,"pivot":{"x":0.0000016689300537109376,"y":1.4134800434112549,"z":-0.11796079576015473},"rotation":{"x":-0.11327080428600311,"y":0.874492347240448,"z":-0.2462649941444397,"w":-0.4022269546985626},"size":7.501645088195801,"orthographic":true}