{"cameraMode":{"drawMode":0,"name":"Shaded","section":"Shading Mode"},"sceneLighting":true,"audioPlay":false,"sceneViewState":{"showFog":true,"showMaterialUpdate":false,"showSkybox":true,"showFlares":true,"showImageEffects":true,"showParticleSystems":true},"in2DMode":false,"pivot":{"x":-25.58957862854004,"y":7.658729553222656,"z":-1.391730785369873},"rotation":{"x":-0.4406261742115021,"y":0.5501928329467773,"z":-0.5645871758460999,"w":-0.42939242720603945},"size":24.14940643310547,"orthographic":false}