{"cameraMode":{"drawMode":0,"name":"Shaded","section":"Shading Mode"},"sceneLighting":true,"audioPlay":false,"sceneViewState":{"showFog":true,"showMaterialUpdate":false,"showSkybox":true,"showFlares":true,"showImageEffects":true,"showParticleSystems":true},"in2DMode":false,"pivot":{"x":-25.948808670043947,"y":-0.19479751586914063,"z":-4.497406005859375},"rotation":{"x":-0.11327080428600311,"y":0.874492347240448,"z":-0.2462649941444397,"w":-0.4022269546985626},"size":27.24979019165039,"orthographic":true}