{"cameraMode":{"drawMode":0,"name":"Shaded","section":"Shading Mode"},"sceneLighting":false,"audioPlay":false,"sceneViewState":{"showFog":true,"showMaterialUpdate":false,"showSkybox":true,"showFlares":true,"showImageEffects":true,"showParticleSystems":true},"in2DMode":false,"pivot":{"x":-23.326000213623048,"y":1.9550000429153443,"z":-16.54800033569336},"rotation":{"x":-0.07688388973474503,"y":0.8613209128379822,"z":-0.1370643526315689,"w":-0.48314452171325686},"size":0.19985635578632356,"orthographic":false}