{"cameraMode":{"drawMode":0,"name":"Shaded","section":"Shading Mode"},"sceneLighting":true,"audioPlay":false,"sceneViewState":{"showFog":true,"showMaterialUpdate":false,"showSkybox":true,"showFlares":true,"showImageEffects":true,"showParticleSystems":true},"in2DMode":false,"pivot":{"x":-26.336713790893556,"y":3.372997522354126,"z":-14.717146873474121},"rotation":{"x":0.0000874041288625449,"y":0.9570026993751526,"z":-0.29007911682128909,"w":0.00028774046222679317},"size":3.0790882110595705,"orthographic":false}