{"cameraMode":{"drawMode":0,"name":"Shaded","section":"Shading Mode"},"sceneLighting":true,"audioPlay":false,"sceneViewState":{"showFog":true,"showMaterialUpdate":false,"showSkybox":true,"showFlares":true,"showImageEffects":true,"showParticleSystems":true},"in2DMode":false,"pivot":{"x":-25.800506591796876,"y":1.4999998807907105,"z":-16.799999237060548},"rotation":{"x":-0.07688388973474503,"y":0.8613209128379822,"z":-0.1370643526315689,"w":-0.48314452171325686},"size":8.875129699707032,"orthographic":false}