{"cameraMode":{"drawMode":0,"name":"Shaded","section":"Shading Mode"},"sceneLighting":true,"audioPlay":false,"sceneViewState":{"showFog":true,"showMaterialUpdate":false,"showSkybox":true,"showFlares":true,"showImageEffects":true,"showParticleSystems":true},"in2DMode":false,"pivot":{"x":-20.9653263092041,"y":9.057720184326172,"z":7.050173759460449},"rotation":{"x":-0.05920729413628578,"y":0.9245268702507019,"z":-0.3404254615306854,"w":-0.1607951521873474},"size":9.901267051696778,"orthographic":false}